origem,slug,comprimido
01.09.mp4,01_reel.mp4,nao
02.10 feed 1.png,02_feed_1.png,nao
02.10 feed 2.png,02_feed_2.png,nao
02.10 feed 3.png,02_feed_3.png,nao
02.10 feed 4.png,02_feed_4.png,nao
02.10 feed 5.png,02_feed_5.png,nao
02.10 feed 6.png,02_feed_6.png,nao
02.10 stories 1.png,02_story_1.png,nao
02.10 stories 2.png,02_story_2.png,nao
02.10 stories 3.png,02_story_3.png,nao
02.10 stories 4.png,02_story_4.png,nao
02.10 stories 5.png,02_story_5.png,nao
02.10 stories 6.png,02_story_6.png,nao
04.10 feed.png,04_feed.png,nao
04.10 stories.png,04_story.png,nao
05.10.mp4,05_reel.mp4,sim
06.10 feed 1.png,06_feed_1.png,nao
06.10 feed 2.png,06_feed_2.png,nao
06.10 stories 1.png,06_story_1.png,nao
06.10 stories 2.png,06_story_2.png,nao
07.10 feed 1.png,07_feed_1.png,nao
07.10 feed 2.png,07_feed_2.png,nao
07.10 feed 3.png,07_feed_3.png,nao
07.10 feed 4.png,07_feed_4.png,nao
07.10 stories 1.png,07_story_1.png,nao
07.10 stories 2.png,07_story_2.png,nao
07.10 stories 3.png,07_story_3.png,nao
07.10 stories 4.png,07_story_4.png,nao
08.10 REELS 17h.mp4,08_reel.mp4,sim
10.10.mp4,10_reel.mp4,sim
12.10 dia das crianças reels.mp4,12_reel.mp4,sim
12.10 feed.png,12_feed.png,nao
12.10 stories.png,12_story.png,nao
13.10.mp4,13_reel.mp4,nao
16.10 feed 1.png,16_feed_1.png,nao
16.10 feed 2.png,16_feed_2.png,nao
16.10 feed 3.png,16_feed_3.png,nao
16.10 stories 1.png,16_story_1.png,nao
16.10 stories 2.png,16_story_2.png,nao
16.10 stories 3.png,16_story_3.png,nao
17.10 feed 1.png,17_feed_1.png,nao
17.10 feed 2.png,17_feed_2.png,nao
17.10 feed 3.png,17_feed_3.png,nao
17.10 feed 4.png,17_feed_4.png,nao
17.10 feed 5.png,17_feed_5.png,nao
17.10 stories 1.png,17_story_1.png,nao
17.10 stories 2.png,17_story_2.png,nao
17.10 stories 3.png,17_story_3.png,nao
17.10 stories 4.png,17_story_4.png,nao
17.10 stories 5.png,17_story_5.png,nao
18.10 feed 1.png,18_feed_1.png,nao
18.10 feed 2.png,18_feed_2.png,nao
18.10 stories 1.png,18_story_1.png,nao
18.10 stories 2.png,18_story_2.png,nao
19.10 feed.png,19_feed.png,nao
19.10 stories.png,19_story.png,nao
20.10 feed.png,20_feed.png,nao
20.10 stories.png,20_story.png,nao
21.10 feed.png,21_feed.png,nao
21.10 stories.png,21_story.png,nao
23.10 feed 1.png,23_feed_1.png,nao
23.10 feed 2.png,23_feed_2.png,nao
23.10 feed 3.png,23_feed_3.png,nao
23.10 feed 4.png,23_feed_4.png,nao
23.10 stories 1.png,23_story_1.png,nao
23.10 stories 2.png,23_story_2.png,nao
23.10 stories 3.png,23_story_3.png,nao
23.10 stories 4.png,23_story_4.png,nao
24.10 (opcional feed).png,25_feed.png,nao
24.10 (opcional stories).png,25_story.png,nao
28.10.mp4,28_reel.mp4,nao
29.10  feed 1.png,29_feed_1.png,nao
29.10  feed 2.png,29_feed_2.png,nao
29.10  feed 3.png,29_feed_3.png,nao
29.10  feed 4.png,29_feed_4.png,nao
29.10  feed 5.png,29_feed_5.png,nao
29.10  feed 6.png,29_feed_6.png,nao
29.10 stories 1.png,29_story_1.png,nao
29.10  stories 2.png,29_story_2.png,nao
29.10  stories 3.png,29_story_3.png,nao
29.10  stories 4.png,29_story_4.png,nao
29.10  stories 5.png,29_story_5.png,nao
29.10  stories 6.png,29_story_6.png,nao
30.10 feed 1.png,30_feed_1.png,nao
30.10 feed 2.png,30_feed_2.png,nao
30.10 feed 3.png,30_feed_3.png,nao
30.10 stories 1.png,30_story_1.png,nao
30.10 stories 2.png,30_story_2.png,nao
30.10 stories 3.png,30_story_3.png,nao
31.10 extra.mp4,31_reel.mp4,nao
